"gbsPa","gmPa"
0.0279549955963202,0.901698425479437
0.0182495731970304,0.814406006809471
1.08228209674435e-12,1.80585090521397
1.08234161752571e-12,6.21616026869594
1.08151160025806e-12,2.94692973297782
1.0824303514554e-12,50.4332327663688
1.08153133811051e-12,2.14714732260757
1.08234955158814e-12,5.31235877788409
19.7810714092936,-15.8839103600221
1.09315041976072e-12,1.52250201612993
1.09315160495704e-12,1.52249941653957
1.09312456809774e-12,1.11062809966359
1.09312467772578e-12,1.11062775382033
1.09239063064308e-12,4.18167297951799
1.09481816537784e-12,4.18167133421822
1.09333775320941e-12,1.23665223203271
1.09333814268679e-12,1.23665223217411
1.09335783778878e-12,1.90693587097086
1.09335783778878e-12,1.90693587097086
1.09327983225842e-12,2.11953677053459
1.09327995613603e-12,2.11953677278143
0.0168795133676702,1.21914878135589
0.0142864414264881,1.29329919815767
1.08921872704267e-12,2.23456333053076
0.00406702120530316,1.64734076277645
0.0059185488076042,1.12535649795967
0.0125946750674551,1.32877036749098
0.000192874961385273,1.62445082974003
0.000687482727246185,1.52492863158957
0.0388614811298362,0.662829009925661
0.00701556457569807,1.06469189510065
0.0173585827840001,0.850411851632879
0.0096603003074146,1.01101031697295
0.000324565125430598,2.0916314856984
1.08958851294925e-12,1.15616474795076
1.0896050689062e-12,1.2611760351893
0.00526579587522368,0.922013527802925
0.00942501199338999,0.820593619837158
0.0349018896123184,0.981441330757841
0.039051399166244,0.749400097445005
0.00741174528781911,0.936256423225015
0.0195065896149159,0.872592643767932
0.0236429219755193,0.833159122261524
0.0070174370457305,0.752532819584805
0.0164622607496933,0.828838016022645
0.0171576857966587,0.769545130310486
0.0307178844038566,0.779207620819166
0.015678636741973,0.774976213107742
0.0215706199332232,0.92715184901745
0.0445164626311879,0.808103866551605
1.08323856081051e-12,0.713395821641282
0.0301689507789574,0.708472710229932
0.0160123889913295,0.72259295425691
0.000639796090498581,0.699768838766254
0.0494616047162019,0.788688698842196
1.08650529233961e-12,1.10330383724964
1.08656796500634e-12,1.13622172168028
1.08651006834153e-12,6.25251346630945
1.08645693884651e-12,3.13580000912938
34.1280514400073,-13.4823479242661
30.0957434629148,0.297008912657425
33.8436439958364,-22.4730119243833
30.7297053625784,-21.2641240980278
31.6895250402489,-23.6661858510939
1.0875141590653e-12,0.794649757302336
1.08732217537411e-12,1.04701550309014
1.08713538763702e-12,0.637570929367757
0.0027199665674658,0.664445394768029
0.0273861264075723,0.701996752580346
0.0466787893706227,0.671950374192747
0.00465916717968264,0.597267629336709
0.078701838747043,0.849018255507878
1.074602617491e-12,0.648390695336363
1.07463512811961e-12,0.655556075173409
0.00260650904151836,0.642602454335982
1.0746876859312e-12,0.661744592443146
1.07471867793335e-12,0.644923618907061
0.036187400467901,0.715456857788629
0.0419042513362262,0.67539710026662
0.0168807276396036,0.637784612845736
0.0236056242688877,0.638639822222463
0.0176988359654526,0.804523813470639
0.0352410405472362,0.746025945449491
0.0780322095913779,0.750751052105518
0.00722413310863237,0.612004106699611
0.0886381842909196,0.743719835815385
1.07239494611424e-12,0.633459191546035
0.0171484464739629,0.637076931414501
1.07764729073737e-12,1.28377071330588
0.0997023114013917,0.322470463481488
0.177835669316027,1.03513650604248
0.116895599496159,0.600322763934917
1.07761652932039e-12,3.18593656647296
0.362005312133269,0.762390718233297
0.409941892792027,0.746520808363284
0.507047133203593,0.284219637702379
0.534627342181518,0.422736975830981
1.08165222975747e-12,0.546876437206233
0.407795934712419,0.657609939719686
0.0466566890884897,0.51587014388107
0.2264635445925,506.576615178222
0.0170948196859425,0.995633869932343
0.288689112709594,2.08293696900651
1.09021996462449e-12,0.756008071788807
1.09028019790338e-12,0.786322237124992
1.0903502396782e-12,0.845579363920007
1.09040769858188e-12,0.888784187329415
1.09047001778358e-12,0.812845868446924
1.09049561335039e-12,0.777676516184406
1.09340633185746e-12,0.694676471709654
1.09337134791871e-12,0.558401728898274
1405720.26405315,0.48173506768585
0.160088848605922,0.627060308681042
0.0575550935524578,0.529696959378314
1.09343171816237e-12,0.490064011412182
1.09346021977957e-12,0.488224578309776
0.0207170883342761,0.48907304415174
1.08290821669803e-12,0.771847936317268
1.08291828310035e-12,0.743882819737975
1.08299815393913e-12,0.767976897041697
1.0830318750539e-12,0.734308115498959
1.08308540341587e-12,0.741445159624405
1.08306011922718e-12,0.71564546829571
0.0834819157661665,0.873964896154017
1.07572815310874e-12,0.471517240386752
0.435333736317399,0.866407576537773
1.07577273972573e-12,0.656045704292186
0.399838422948576,1.36524017613383
1.07581080294242e-12,0.991549194444564
0.18582108492187,2.81060580950992
0.185811903818203,2.81046694225859
1.0758294274544e-12,0.79361485005154
1.08215975092164e-12,1.45435905092616
0.00261915138955422,1.43122352047513
1.08217295370513e-12,1.19792839087136
0.0198411254928479,1.1915963421384
0.017987434368241,1.14333398142605
0.0248765380612561,1.14690771614326
0.0524960912040283,1.20101053711797
0.0430258122645267,1.17685983748993
0.0277653655515685,1.14810117044017
0.0264957574588575,0.904075556378028
0.0264951677303929,0.904077276179482
0.0283591463766707,0.877537666057834
0.0283586959466541,0.877538057862273
0.0647025649536606,0.898948584876494
0.0647026994017321,0.898948771170444
0.0227931217984139,0.874256686605667
0.0227953330450837,0.874257039442918
0.0595801686169995,0.973496818949104
0.0595781589454779,0.973496609504086
0.0771505775175524,1.17384586073224
0.0771514176348084,1.17384688904359
0.0468781405767379,1.13563582387588
0.0468787039537564,1.13563603512584
0.0662770709000158,1.19288393328029
0.0662780354459284,1.19288415517802
0.0618448835359088,1.18169928417886
0.0618463995183214,1.18169740019912
0.108520167476762,1.24360115063802
0.108520167476762,1.24360115063802
0.0862458395026701,1.01826007632845
0.0862458395026701,1.01826007632845
0.042087116151859,1.27514781527767
0.042087116151859,1.27514781527767
0.0699928798625331,1.1960722695182
0.0699928798625331,1.1960722695182
0.038859481744695,1.11856842612845
0.0388629831691084,1.11857148202862
1.08838592710287e-12,1.37429631417421
0.00048064900799624,1.39203150955235
1.08837626143777e-12,1.54921232834525
0.000112909327838812,1.48404432979646
0.00138568319044084,1.47014392023205
0.000911168596277706,1.51300252818552
0.0449192012368775,1.89734323157235
1.08846729973552e-12,2.90116476741319
1.08847776620748e-12,2.25423789529552
1.08861348337385e-12,2.83391813578809
5.4661146231375e-05,2.62007113989357
1.08853616794236e-12,2.81155241757184
0.000694494577970327,2.58513191765967
1.08857309978086e-12,2.84084126425536
0.00023510513831075,2.49100350435841
0.00111128554080975,2.6649117501339
0.00187648091490049,2.4426180809565
1.0895689830591e-12,7.10858090798814
1.08957322085866e-12,17.6107772811577
-22.8452815438294,-16.0500792821241
0.0122141273745381,2.30156812752629
0.00311160390407571,3.28094143959964
0.013570831966736,2.44970231573285
0.000660428275639322,7.04271890978404
0.0189735138163922,1.69169233526784
1.08946417207324e-12,54.1399029187983
0.04876077216449,2.18005518759629
0.0320290457288405,2.22319151340547
0.0282696241441253,2.27418241468902
0.0182996069014836,2.37554047334715
0.0146431330106035,2.22361302174879
0.017568219751689,2.2993326849927
0.0163187428546438,2.42196240937436
0.00928526123910501,1.82272429408678
0.00580376885915061,1.7045150110824
0.0058369288798569,1.63833253312306
0.00667872255567347,1.69267092885777
0.00592304866327115,1.63029044067957
0.0079587179793916,1.69830171503254
0.0098563074755559,1.66962001624186
0.0141049190739811,1.79925849209769
0.0080879628904432,1.6400200063927
0.0222151426431275,1.91609446144869
0.0119447598102098,1.70330370201798
0.00625404859636381,1.60690560041272
1.08626755836515e-12,1.50962473703412
1.08626285849525e-12,1.41449658402375
1.08627690611017e-12,1.53084674561237
1.08625980090546e-12,1.5648512550896
1.08622758763328e-12,1.45340237590358
1.08629442302468e-12,1.54496455725519
1.08626587843569e-12,1.550561928424
1.08629724079128e-12,1.56017423164974
1.08633934901572e-12,1.55185631444525
1.0881215028414e-12,1.17744439626846
1.08801682256887e-12,1.30156474530743
1.08786826022134e-12,1.17850391661211
1.08766657139693e-12,1.22541074993475
1.08776716704149e-12,1.31642287533328
0.045086045537727,0.844172443687893
0.0138699575430756,1.13083977439312
0.0196984104473529,0.989661365089578
0.0370181802030548,1.08235107920289
0.00578862412050014,0.959404929457869
0.011453003123691,0.920712134875011
0.0445436086088019,1.10831019050579
0.0759922724988662,1.19047007211472
0.0973699976019819,1.20456773955957
0.0871734586984924,1.15615715594143
0.049614736835321,1.04482243999433
0.0192685776373069,0.936231788329337
1.07443692249262e-12,1.09345451683261
1.07442001238717e-12,1.09343730741733
0.0122312224166179,1.0855079145663
1.07444184553375e-12,1.09291055541029
1.07448232290042e-12,1.28149983967062
0.00324777726739119,1.25061787580932
0.0082520140071243,1.33678528795939
0.000496698448383043,1.18512830892959
0.00533538087919571,1.24597345287999
1.07444159113297e-12,1.11007324582739
0.0173555726376796,1.36741757094085
1.07450069312312e-12,1.14960640958401
0.00563283901226701,1.22138838567857
0.0335624387335565,0.950167447049356
0.0316121048981486,1.01589079531305
0.00159633643918653,1.22438185623067
0.00942687994119322,1.22701609929569
0.00921634921930122,1.17471306731798
0.0172010830087653,1.23315018731477
0.0368452878352351,1.39701011359937
0.0224111433381307,1.28470571522166
0.0224193172584088,1.26415285954571
1.07770162990305e-12,1.1627839400388
0.035312420614534,1.65234533164589
0.0151003947809819,1.4290377115396
1.07770442417543e-12,1.24623916368424
1.07773046617315e-12,1.30310465523123
0.0101941962806131,1.34403177427836
0.0122396316228516,1.3405261743909
0.0960678487537572,1.49562664680869
0.188262804029709,1.84290818008293
1.08147756059349e-12,1.47059283494438
0.0513558236144785,3.19173258531417
0.113614989242251,1.28460893573199
1.09002483299309e-12,1.35106838963513
1.09003277541917e-12,1.42188190125523
1.09009798514715e-12,1.56333471780807
1.09014617849449e-12,1.37866712022521
1.09018118482249e-12,1.3997017473697
0.00547671048433826,0.97227036390518
1.09334824106842e-12,0.944194808351314
1.0933558987552e-12,0.89932830838841
0.0216505349367915,0.987159853750876
1.09327973648991e-12,0.926217972285672
0.0604356462461601,1.04966621046074
1.082423111069e-12,1.18817917711282
1.08251361257892e-12,1.00565785728392
1.0825383900231e-12,1.07081161708865
1.08247941352905e-12,1.08376936289258
1.0825208769933e-12,1.09037593414771
1.08260501503161e-12,0.942446940279529
1.08275126111944e-12,1.10998709450038
1.07525187883878e-12,1.38994660341723
1.07530915958962e-12,1.96242423116119
1.07521756588696e-12,6.38147132656038
1.07518789119348e-12,4.85970121974901
1.07516482615071e-12,1.47614613724559
1.07516770905805e-12,1.19431664876271
1.07511743381842e-12,2.08427910599278
1.07516491434494e-12,3.89404375794055
1.07518914230859e-12,2.28345508816293
1.07551686188327e-12,0.765982276580532
0.159492720262264,0.906414269136111
1.07556078653699e-12,0.772856021026584
0.171106025649541,0.889824646423198
0.0766346029050832,0.840165114652752
0.305034466698864,1.11271488344131
0.0105375197548174,1.8717868607752
1.08209682031578e-12,2.1056465581204
0.070949092986909,1.14593618918432
0.0832887801388749,1.48072549946727
0.0167197049375422,1.81017486970861
0.0397504584113999,1.58403619847235
0.0150977902885696,3.19807013890404
0.0261482993954694,1.9983967497042
0.0142088086236137,2.0149780377326
0.0246849178455374,2.08744640130197
0.0204683797778913,2.00313636109911
0.0210339724897961,2.08257171520035
0.0329114856391624,2.11029696060762
0.0150782834887804,1.99500324709442
0.0223230696671842,2.01835762834083
0.0295432360738139,1.19968351908667
0.0295498962076039,1.19968698341547
0.0433073367853965,1.42781265788945
0.0433031627453846,1.42781357372086
0.0477424525961966,1.43348689966139
0.0477418975366783,1.43348748316022
0.0350821316233454,1.38330117982213
0.0350825019656894,1.38330158734006
0.0585914350775581,1.41374372714947
0.05859145469171,1.41374372761512
0.0476929607814142,1.40122719862273
0.0476925144966644,1.4012274503891
0.0474076972186207,1.37686358550432
0.0474068974553175,1.3768636507727
0.00324372100727571,2.46450532002258
0.00625116752023369,2.28742651944569
0.00869641078539566,2.03827398485487
0.00908278685608743,2.03516342456
0.00663003035106112,1.94198328121675
0.013983585894404,2.08038099160749
0.0159508159724835,2.10326654237931
0.0175395092613319,2.16952732303238
0.00867277448151957,1.97621151286236
0.011995714313045,2.17750531957684
0.00969500910013879,2.05971948428465
0.0138795870245148,2.16271378009364
0.014231393713837,2.12174873410504
0.0146900713137071,2.0992146765359
0.0090010352425993,2.03749750169399
0.0140115426152069,2.08296255767696
0.015206146885419,2.10591526810108
0.0195153790429441,2.1632243196165
0.0161365080653881,2.08685162798303
0.009751887415903,2.4992303145625
0.010642980219941,2.32079755305215
0.0178836364516133,2.21194854064456
0.0215549898565848,2.42836196475804
0.0066683385332534,2.36765768540513
0.0161649291030802,2.53585453497616
0.0169851513016927,2.59608920453475
0.0130255895980072,2.44763866517756
0.0119923845841871,2.41005900871689
0.0125451111502429,2.39929134273689
0.0224991356515796,2.62200355359824
0.00869098603132406,1.99168552609525
0.0114233534431732,2.05921943218129
0.00932646296540228,1.98494734010813
0.011294798692847,2.0194865324341
0.0139962723104494,2.07005994397991
0.015331668083952,2.0939950310172
0.0161103865399515,2.06585681739783
0.0125603650613726,2.09238417990871
1.08847600202646e-12,1.94951303188686
1.08844170112197e-12,1.70956453090559
1.08844016210443e-12,2.02001777459808
1.08844119866628e-12,1.78291426514087
1.08837338993577e-12,1.81898261574212
1.08839056922877e-12,1.83137705204601
0.0119262463367915,1.61362139611658
0.00126850949087155,1.49061548792382
0.0429441522273438,1.7006498414128
0.0562350528229695,1.65214185374147
0.0597669074786943,1.62034668001423
0.0302946103693551,1.48598302403084
1.07405727820981e-12,1.64462872819307
5.32766895094657,1.26012346889471
0.701679279961375,1.24665216276207
1.07414978780805e-12,1.41136231608065
0.0133026091243247,1.61031553098704
0.014629424193696,1.6058418495619
1.07424820918355e-12,1.46804571282594
0.00783421926194102,1.56995700302326
0.0552966678847478,1.25253208462324
0.0327522778211665,1.85432727367432
0.0176886650676533,1.66805242639164
0.0105300126284198,1.69718093552522
0.0095651991810372,1.70223092788525
0.00812560157479544,1.69612361395394
0.0216617033097011,1.830523977531
0.0246074672978801,1.87864740608603
0.0124357177629964,1.76617641200498
0.0140655484502793,1.78145139708235
0.0155205377843573,1.78747402345515
0.0263452426766299,1.892242721662
0.0486366212360985,2.03667395536596
0.0335649679499505,1.93860610773977
0.0284040141485037,1.83674421345791
0.045266652942294,2.05778967567493
0.0303046477020281,2.21475147372105
0.0184870567848196,2.0414067034398
1.07778544875915e-12,1.92737488700175
0.000961157302870039,2.52493142766594
0.0213922497051906,2.41053522647846
0.00366301563514994,2.07848312673723
1.07776612565127e-12,2.03179694989733
0.00519786452223545,2.16026986262594
0.0199578959133458,2.55779476820773
0.0111006268557846,2.3225196593371
0.283453516864353,0.95570114681835
0.387977899507241,0.950676042356264
0.245988862119149,0.896009267662575
1.08037618178291e-12,0.762651666518514
0.267584082115939,0.896989926099299
0.253822285544794,0.933592491156107
0.262645489097836,1.1877112987081
1.08984301862293e-12,2.02920095096664
1.08990537689784e-12,2.06828105477225
1.08992043256223e-12,2.19992130094901
1.08988546653047e-12,2.08699820597819
1.08991010110253e-12,2.15983535565369
1.09380704782167e-12,1.43347451935545
0.00981909394071102,1.50871373607744
0.0515190403545272,1.78174686266319
0.0202858477962625,1.52400694750175
0.0339118653169755,1.59599626492388
1.09367628077385e-12,1.51394246625261
0.0112093112862433,2.06818984058771
0.0090839522048327,1.99886026922976
0.00775495505314481,2.22389044243326
0.00489231884182908,2.35780695573891
0.000841864622722788,2.26368923141051
1.08225898096747e-12,2.4838178983096
1.08229505412324e-12,2.84976782104587
1.0753333745373e-12,1.43662584559181
1.07538232802576e-12,1.5155894756759
1.07526123108682e-12,1.30329986327807
1.07526443372101e-12,1.5620801002714
0.00180497393748891,1.35287647437609
0.033572051435722,4.74662714141975
0.0390402760621767,4.26928507751066
0.0501827692539624,3.88740086218655
0.0374678889624991,3.40746837524164
0.0418582560757572,3.43368402359378
0.0267147312351226,3.25535230344332
0.0629916570350135,3.70058763962234
0.0513282480176418,3.41756251919931
0.0537923922585495,3.53277497542462
0.0756874749184032,2.93079917134257
0.0505401119021069,2.74687282220375
0.0497119656274658,2.80358569178601
0.0601987197345946,3.08986593393255
0.0680690039996201,3.59470119571509
0.0627544045697835,3.62001395330864
0.0600143626959127,3.5274334146662
0.0210730310300078,3.5275693300546
0.0565389539566097,3.98583663048507
0.0386244522099414,3.96954792359806
0.0834439792201442,2.0631954185373
0.083444557984776,2.06319728518681
0.104593366762971,2.01700147591653
0.104583031278906,2.0169861543036
0.0896029924624311,1.98219714313095
0.0896028142744121,1.98219823608441
0.0893526745876376,1.97477546411659
0.0893523569768077,1.97477586602954
0.0647621031788679,1.93782144723598
0.0647629240957452,1.93781988619387
0.0762872122008488,1.97658960013962
0.076287313901664,1.97658984335352
0.0975670876810645,2.06528913552477
0.0975670865272405,2.06528938325386
0.0590023732685181,2.60162206232474
0.0400497724931538,2.49074686645076
0.0451147479280353,2.54948321633664
0.0415962657660726,2.65338153283339
0.0628627436280948,2.73524899045803
0.0389025869239042,2.55342359745618
0.04539110947634,2.53141811318139
0.0338213467966119,2.97303658670211
0.0333934197569416,2.88962805015032
0.0666112495918915,3.0445847434032
0.0630691016374946,3.05490075694953
0.0569608592341256,2.99969753307726
0.070385462287325,3.17352763148532
0.0468732628521049,2.94867706399394
0.0608631992191099,3.11351152115988
0.109023219334189,2.68090050123658
0.0567079027072808,3.93088911533372
0.0414250718645676,3.52609622668822
0.0434873635265002,3.5142151297941
0.039254363333437,3.49137911990878
0.0308065192526276,3.42216529906568
0.0624739353988836,2.2132893254661
0.0675297914892904,2.29678642515755
0.047386412546031,2.24406504853317
0.0555189254809342,2.34794922263283
0.067260961095766,2.28847364196368
0.0543494735021219,2.30722865931775
0.0970913600203747,2.70635123589528
0.0619868587140827,3.7800428068058
0.0777258753108419,2.67264671100136
0.08875209113362,2.45014541549121
0.0907544028068441,2.43188720600168
0.0607189640051982,2.81365411653702
0.0674551145117606,2.56430253331223
0.0463953430403852,3.44947380912073
0.0265202530490029,3.09064214705038
0.0510315387408219,3.39929801557937
0.0420576533257343,3.28173994569824
0.0473707040775713,3.37257628868568
0.0322623453841088,9.98256699554631
0.0306139150078379,17.3665777875982
0.0419512687871074,24.5234000505585
0.0355839326119861,16.3418823533573
2.42050843299902,3.06180654348274
0.0551113861523508,3.01340067643684
0.0489940820954751,2.95912880283173
0.0432813038960271,2.93500734988981
0.0458133363835313,2.93967577072579
0.0481661202386445,2.98957444201611
0.0322461788999381,2.83190368303122
0.0481170991220956,3.01863793396995
0.0397935801220742,2.73026511851721
0.036892960957952,2.64030616123566
0.0581473781542749,2.80971180260727
0.0843696388179322,3.0672847911192
0.058995410559541,2.86487312214984
0.0717275983495768,2.98476559733808
0.0536168243440304,2.85118680891448
0.0677805212848156,3.00815692314824
0.0732741864811448,3.08979048406208
0.0535483763431171,2.92503841904685
0.0559761762687494,2.9714671059272
0.0574728890633017,3.01279931332684
0.0510502125372698,2.96266701181393
0.001337889669531,6.02664543493792
0.00831592191510016,2.94685400293703
0.0049191181993644,3.0384472829767
0.010658261035003,3.36751011877783
0.00495356418902326,3.10185487880954
0.0114942047139609,3.38447206335487
0.00365878103039956,3.21475920941957
0.00468366753238949,2.88906772536216
0.00334438213216728,3.09327465747969
0.00248931571080539,3.38385841579221
0.000947180475572236,3.60025531392362
0.00147394541450062,2.86845333323962
0.000928669283884857,3.62339292513714
0.00016106969468798,3.81583154068312
0.0242128964643521,3.61628057881708
0.0108483850540455,3.37909273520503
0.0405886329264287,4.58385654693034
0.012281891363191,3.92202329654276
0.0666819765452779,4.47356729523567
0.010207657301697,2.19213106886559
0.015813794593963,2.18561528711256
0.0480784093138219,2.21821438249234
0.0989193827214322,2.49133875045586
0.0604748741409161,2.27699715199088
0.155004702062614,2.66114403157425
0.0307949408957984,2.32918600449146
0.049514647251158,2.39361302612436
0.148855391745263,2.37684300504206
0.150057532210945,2.77615032025149
0.144884025982966,2.67602129979135
0.107371015976819,2.72792471690045
0.0532438615777287,2.9951442699788
0.0302263442761677,2.83621112002047
0.0151317530870129,2.75586720079796
1.07396291746077e-12,2.64157585434581
0.056524790706495,3.07484845593034
0.00132097855469806,2.69785438993499
0.062624441991263,8.45039048203476
0.0144003375440755,16.3305238384531
0.114269191149409,3.14467265724571
0.114311332559785,3.14583238314921
0.110838645762224,3.27642186631377
0.075579611462666,3.02409601552284
0.0710285831260428,2.95770860556842
0.0894950625187175,2.72365749061163
0.0506351728710852,2.80017812831635
0.0561594046986707,2.878490916782
0.0474104351386025,2.8012140504415
0.0839968353097689,3.06588041204944
0.0387824630804411,3.10370107261754
0.0428038448075784,3.22438845353952
0.0418511611872426,3.14313518725649
0.038013636640139,3.13397548966
0.0130368796811802,2.94200409455964
0.0640319955468288,2.69253086417365
0.0982182518263554,2.80491851381168
0.0864643326932192,2.77217229185036
0.133946855990832,2.98674553983325
0.0983994671553177,2.86880546573693
1.07782508680095e-12,3.08940512139561
1.0777913873763e-12,3.21334179991096
0.000545184183691195,3.31274246795349
1.07784217430844e-12,3.40772103125351
1.07780673695998e-12,3.38171081267145
0.0528267503205016,2.65862225961996
0.040573391125365,2.67713421612928
0.111754297911497,2.92514819141173
0.0376076329528499,2.71928677206769
0.0772546250010512,3.06446709056879
0.0285841628107142,2.64228384803958
0.0761891104758429,4.38735128590821
0.0547772827859394,2.35984572675085
0.0514385073169768,2.31642461270101
0.0137760301175025,2.15024812948195
0.00990807122069175,2.11883653847482
0.0374027538324384,2.15971538314423
0.0514901279624847,2.20855464554038
0.0161614592204122,4.15965036837574
0.0137342046200253,3.9497639272386
0.0417955142361501,10.2203199967062
0.0632504516394039,7.57925037432688
0.035540099070383,7.14666124536082
0.0109726419201527,3.27543027279211
0.0088689001113645,3.0690861581248
0.00343036697312732,2.90220893296169
0.00676160412210161,3.01605137399664
0.00773358014899671,3.01744653299545
0.00935185837780292,3.07778197317432
0.00858206293175043,3.04714763092695
0.0122578782336085,3.18469954493146
0.00711510474861437,3.10357986952407
0.049209400502871,2.9029772815034
0.0393146988318192,2.41997633560075
0.0286058457817045,2.54168620965645
0.0361724256936627,2.66623044081318
0.0319991878121712,2.14040960357823
0.0460882458195262,2.23325561653299
0.0529761492340547,2.28911086488285
0.0218919627068136,2.14667929758162
0.0710281368626998,2.46740295553609
0.0525267056063077,2.36361337781526
0.05457128650204,2.40878722093478
0.0618214070026931,2.48002373830716
0.110531186225965,2.42573595300973
0.0331103193211761,2.21975912074275
0.0839012495218122,2.91498883362331
0.0464424891921292,3.84654165851727
0.0345720983147053,3.81741792652468
0.0207390149297838,3.24800521662268
0.0127462511688585,4.0164690622687
0.0353081665120596,3.38909742420219
0.114021148594637,2.5793850852685
0.133810410550569,2.70084463581722
0.145389229973195,2.91048558571608
0.0854346030411263,2.76399203070189
0.0757337144633239,3.41221242131651
0.037971264874919,2.27354340176549
0.0267240026807983,2.23512596528976
0.0212589534459889,2.21678372940563
0.0433980357580053,2.36705160690794
1.07595076986727e-12,3.23870733055991
1.07595262465801e-12,2.65098462428027
0.0031272628497351,2.57228835381301
0.0556348037853711,3.38930236002964
0.0895787409915095,4.45356169559815
0.0641895818211092,4.19747343201112
0.0549304322155981,4.03114460077535
0.0545477019619646,4.09379694637727
0.085513570838341,4.43556684813676
0.0738956066891234,4.34965318342285
0.081959767496068,4.45419196831818
0.0875218418262198,3.66196978229319
0.0892909425433893,3.68863912815613
0.0955005171168585,3.64645925810121
0.0875483973855308,3.594703372361
0.0817951740204527,3.5749468604358
0.0865014442476804,3.5826550771208
0.0907704335856576,3.73493632154832
0.0660349625327351,3.44071117003462
0.0798642009043973,3.66184026670453
0.064768656089783,3.58913675319596
0.0803647498903542,6.77819928889181
0.0901188869934327,6.30840665089006
0.0815277833081481,5.95343551225829
0.0656554150487763,5.31288620003175
0.100105781651371,4.10005548267746
0.10299602955099,4.41883010739055
0.0780824674538407,4.13507961725324
0.084884207480596,4.13724353535408
0.0748128852159522,4.02864628991759
0.0736389605896885,3.99117053244848
0.0584543413241165,3.86935259946221
0.106074656913033,2.83270461915086
0.115660878540225,3.2951537509697
0.120805192288917,2.64911734678455
0.113320988348383,3.37148181698073
0.0945907982655158,3.28357357975041
0.0732787510376787,2.86388220760826
0.112386085425795,3.18591761160703
0.0886563723081782,3.48198142433001
0.0772389657235825,8.09649325976234
0.065245597324061,7.68373604505843
0.064925535719174,7.61952444488291
0.0779930423221047,8.63962929228554
0.0958864256085474,4.77378689492935
0.12732626177751,5.93836089315846
0.134263204492207,3.64553379229586
0.0809240935943876,4.66455396498197
0.0613097676536964,4.55487868336838
0.0815043808346522,4.95071715113136
0.0612847883648656,4.68557100863662
0.0898657195616567,5.10455179753156
0.0903074782786028,5.27783033076058
0.0760628919852077,4.08512342400631
0.0596900035552756,3.82167784307748
0.0793506123415298,5.19815006421348
0.067197985487884,5.09639414225774
0.0928148277112676,5.33518028636136
0.0697123003812902,5.06930900013133
0.0758809889931465,5.28411427835301
0.0493910263622232,4.99661927950556
0.0931508969822207,5.48519277600884
0.0672796367445569,4.72066874481709
0.0621060861951913,4.43803299364198
0.109191468839698,3.95467328548437
0.0800959269031148,3.79775145148718
0.0984969779689571,3.94476357747708
0.0861064621338155,3.92055224738639
0.0915500610751437,3.82774820715453
0.0925606706106398,3.86889147170468
0.0989206430628507,3.92473229715493
0.0722573310140115,3.69074263750074
0.0706298020912565,3.67233845130033
0.107218266942419,3.99790402692801
0.0745798364979899,3.70868115472109
0.0754835356066303,3.70447281430361
1.08717462809375e-12,3.77422949507393
1.08717511582421e-12,3.64260124105724
1.08718343095203e-12,3.45076517453637
1.08709350255433e-12,3.51720655127383
1.08705475190305e-12,3.56173519894338
0.0403859890039394,5.28120375062585
0.0198307098209636,9.17984269311422
1.08706803841759e-12,12.4958501996823
1.08701232086071e-12,24.9502301203193
0.0797869461238166,4.35841586947224
0.0836236826739065,4.42320631817089
0.182912824906638,4.04951857784559
0.115035115205494,4.97406094932286
0.0782080500758008,4.28497313480397
0.116320754677947,4.60160795924568
0.144717472653765,3.93942916378605
0.127896551595689,3.72673371822045
0.0911893315709403,3.5495964047736
0.121652004544807,3.71942313690938
0.162424117178825,4.04984612264094
0.117452648323876,3.72155763871346
0.0379066584924917,3.262409453435
0.0601447519667385,3.36311715768506
0.15205961697785,3.97365465614635
0.130628331247158,3.80294447430859
0.0744431065776801,4.54111737096092
0.0628537129648669,4.06704635552468
0.0657986601436278,4.08365399890314
0.0447290217395461,3.78988871060049
0.0490152066143655,3.83362057837107
0.0444679120969638,3.82542382333399
0.0666106213024092,4.11819643249608
0.0401071516076526,2.82595575741232
0.0584336945650983,2.72450252568306
0.096297125785633,3.1202891045237
0.0282901092841753,3.11850242614022
0.0641939919993657,4.67767062760189
0.0556593729031596,27.2655974302024
0.153256359665157,1.92020909414913
0.0996963526206738,1.97100543379658
0.136579517957735,2.06534508594155
0.140928887599533,2.13154207384201
0.171589062788293,2.1942488022815
0.237670930097197,2.37544920901658
0.0831249045972231,2.07763340444886
0.184765171662927,2.29055051281424
0.128241704611214,2.84477927863831
0.068885628062211,2.68395791118101
0.0973694605265771,2.79118810206142
0.0244362364770967,2.58092602769019
0.083072636045203,2.79748250892252
1.07593056666889e-12,2.44418234855716
0.00380011608699807,2.52476567821108
0.0835323229908993,4.36629538839601
0.0940970540255591,4.34656664334179
0.0792433432930925,3.99255628590919
0.0815082183683166,3.88520186265799
0.118458419838175,4.05382468920506
0.0956789698481088,3.90980640648696
0.0852709902688465,3.83408949137011
0.0896772371154088,3.70228473057213
0.140350283937057,4.11278948006681
0.0862406740243213,3.7056747674836
0.084560001378748,3.7671643008213
0.0949023083844624,3.91434995075695
0.0874246757057021,3.80040995433593
0.0835718770067974,7.26375472846491
0.124339891424246,4.19197080509154
0.113468138832864,4.01767044429715
0.140730557707315,3.91245413002407
0.12185596525811,3.55943828745799
0.0957167175144471,3.45826315862216
0.133478290362638,3.98117639138794
0.101837768435234,3.73849802562478
0.127552689852998,3.23932612509505
0.141567473544713,2.35790324798741
0.176390906461005,2.30106984324008
0.175505393972546,2.48010025007227
0.14688510586311,2.26229775556238
0.170965629615178,2.20432856567947
0.149455178261699,2.31911513807618
0.14166223135837,2.52492217468085
0.167075645982729,2.66318932532454
0.133286597033016,2.57346635096941
0.1007319119428,5.60722264550791
0.103690230525895,5.56738656984497
0.0677533962673413,4.94806597021924
0.100054483217031,5.13645764366337
0.123525984013972,5.40889550692109
0.0668476150082048,4.81070179341502
0.101481029422549,5.38259244875646
0.234313437609155,2.29750789908297
0.198958163016248,2.1830019658179
0.235313734053245,2.27976963985359
0.222060224758776,2.27607826817852
0.212242469424236,2.3187865046478
0.202561776939559,2.31831054130434
0.226439588525986,2.38062668536212
0.089587720592481,7.43736141461138
0.110261447499669,9.09128635680419
0.0743793139342605,8.2046682590234
0.118022452879601,7.48042709818557
0.128885533411727,7.32462413225428
0.0770526299096754,5.92762229318579
0.0950454461638476,6.21166725667009
0.000985861364299173,4.92104250313889
0.0752561058989509,5.62764630934133
0.0891908349794977,5.80730550167576
0.11712524095578,6.07405439785739
1.08680495479101e-12,5.37501263952082
0.000225244484792838,5.34963008787296
1.0867013805832e-12,5.35309133851384
1.08664303493297e-12,5.51420784424498
1.08658680578612e-12,5.49006401635704
1.08648628799297e-12,5.51935233782145
0.0534060746326354,4.7479334960855
0.0640511202540486,5.20338024758792
0.0442766344975231,4.5469781508803
0.020808468504342,4.27958751327342
0.0303003191037877,4.41578349590723
0.169014635486794,8.04044878055824
0.100959456824724,5.61450242635839
0.141112363981673,6.00272595313122
0.381675483319619,11.3257597810556
0.0603274240176831,4.68224425080193
0.0842436691136132,4.9009171452524
0.0850011347106236,4.81000161638705
0.170614524542023,6.20498493480415
0.118086743167765,5.18279403715846
0.119424517700178,5.00777806969189
0.22337529773952,6.22557539525831
0.0706507868116815,4.46951053971041
0.0845935932937631,4.58742056606997
0.0605130250732037,4.90529129168849
0.0673989328507983,4.28077774094202
0.0711304801715424,5.03454477494551
0.0928044424360966,5.44068361554954
0.0568412456271253,5.06570301458943
0.0994301957286125,5.713081240902
0.060526568368234,5.17007193980379
0.0669132186992046,3.09794784713589
0.070124564884709,3.18185098423582
0.0572269820109469,3.29768200358026
0.00398572553264682,2.73189040884243
1.09316277843447e-12,2.69653724835247
0.171339455027804,3.14262827583313
0.214136476507981,3.03388747528724
0.122073959711424,2.98359542697722
0.124657901216596,2.89191010317759
0.00641831492413036,2.56423547360881
0.175717233974467,2.94538335518401
0.0586507285540236,2.7063619592021
0.20829686281388,3.47380352407331
0.121360441640573,2.94796015403047
0.151489857500051,2.14385407504433
0.12789375587683,2.30129427066011
0.111160272919494,2.36236496618709
0.0029298458950719,2.19313312774993
0.00776532389899535,2.2021427694443
0.0728899917127171,2.37589178541373
0.113144305633997,3.72124502370273
0.0827825915546632,3.43685694791594
0.104012244544827,3.50708214264485
0.0835172403022876,3.5369002842652
0.0985068041051955,3.51829563118417
0.0572527765305132,3.49526080371077
0.0807030424488863,3.92625828949542
0.080980193966947,4.4259623495851
0.0863172330238994,5.05723659578611
0.108611873991193,3.99151465422919
0.117983088570129,3.92486606071189
0.109562033805318,3.59407365374432
0.109756714136871,3.07500943272337
0.103206638232148,3.08318930629135
0.139208271954812,3.12521233216775
0.130355401566488,2.8709656029783
0.122451325262024,2.84831179438895
0.122376807051718,2.70532029901746
0.136523739693778,2.74022021811778
0.11992108193337,2.92675056068843
0.145274379270572,2.48908873357506
0.103455905090783,2.34639618519917
0.124076890908354,2.30578805928997
0.147356773885404,2.3263235994809
0.0936173012718152,4.45710721501274
0.133955607560125,5.22852444996478
0.118690204775054,5.07877831343023
0.113278047718004,5.12261109799496
0.0925623393336133,5.03473167755118
0.102864599108515,5.34998500778941
0.0998208027295243,5.46904842892291
0.0737448697110776,12.0312281838515
0.0998039627212567,11.2339071204486
0.0681562018211534,8.03903256129994
0.0678524169977529,7.28243378976595
0.0649411264121717,11.1761073827141
0.0744782491856683,9.83586176144249
0.0610300620292829,8.39883449102074
0.081546418889092,8.52824475759739
0.0627866853965278,7.33165240497711
0.0531671020797263,6.89195680920593
0.0435119573950267,6.32875925582836
0.106833365452984,7.5624199880553
1.08615182781094e-12,2.88482925793688
1.08614110238449e-12,2.83805771079703
1.08612302665673e-12,2.8024936167185
1.08611384660985e-12,2.76781310321747
1.08620493394359e-12,2.73062570899728
1.08624300138856e-12,2.72173291155296
0.172604193195532,5.79167899411793
0.0298192577478396,4.48439635355163
0.00303201229327426,3.92726222418658
1.08714721540685e-12,3.738989926335
1.08718016270592e-12,3.74658329044373
0.122395441537677,4.41150690454578
0.0777628069641672,6.36848967754508
0.0920108736242193,5.83648977378437
0.0939839479887157,4.83407235152236
0.132925421899221,5.28781224700905
0.0993051427646478,7.14624599290375
0.136645211542552,4.7888967480178
0.139373520746541,4.74475018589773
0.0563600210490438,4.08698380998361
0.378533910372911,6.75988714032626
0.12342009686395,4.28573187549765
0.146655162392858,6.71677654424974
0.0954097703850377,5.04564484486495
0.152097119215733,5.52178915124182
0.0553429399996069,4.40744149497319
0.0837513106349063,4.56320388585875
0.173544823146771,4.86350591815278
1.07449163888048e-12,3.74151521990091
0.0989633764042414,4.19595745247732
0.123406788456774,4.27856337070961
0.0245764789869592,4.83575983127488
0.0788816758648996,5.42448430944608
0.0801667016479893,5.68341361038376
0.0475385119907765,4.7909468145522
0.0783959229164142,5.02976992962894
0.056163273188872,3.16498346109985
0.00782924692417623,2.80762143790407
0.116233482279658,3.12209812378612
0.0175019870263974,2.79640207737046
1.09325443396908e-12,2.724971407899
0.0554126853658628,2.86331887669394
1.08500539985784e-12,2.23137686251165
0.1169572073835,2.64464571429642
0.0980856312754435,2.37051105159581
0.12516681704538,2.60584809262342
0.117722579910472,2.54108331298014
0.128120651954547,2.56996318187501
0.142674981181804,2.59799480104929
0.00630763744973065,2.28494130560766
0.187221978700003,2.58006185435031
0.166042291616123,2.45010656013876
0.0859130794261462,2.2655560132148
1.0755710422384e-12,2.04156718558979
0.0281660358785609,2.08271001463984
0.183001202586992,2.29559962952572
